מספר_העלאה,סוג,שעה_דימוי,תת,קרוסלה,מס_שקפים,קבצים,סטטוס
1,קרוסלת רבדים,tw19 · 07:00,,כן,4,001.jpg 001a.jpg 001b.jpg 001c.jpg,
2,קיר,tw19 · 07:00,,לא,1,002.jpg,
3,קרוסלת דמויות ועצמים,tw19 · 07:00,,כן,4,003.jpg 003a.jpg 003b.jpg 003c.jpg,
4,פיצול-9,tw19 · 07:00,9,לא,1,004.jpg,
5,פיצול-9,tw19 · 07:00,8,לא,1,005.jpg,
6,פיצול-9,tw19 · 07:00,7,לא,1,006.jpg,
7,פיצול-9,tw19 · 07:00,6,לא,1,007.jpg,
8,פיצול-9,tw19 · 07:00,5,לא,1,008.jpg,
9,פיצול-9,tw19 · 07:00,4,לא,1,009.jpg,
10,פיצול-9,tw19 · 07:00,3,לא,1,010.jpg,
11,פיצול-9,tw19 · 07:00,2,לא,1,011.jpg,
12,פיצול-9,tw19 · 07:00,1,לא,1,012.jpg,
13,טריפטיך שעה,07:00,3,לא,1,013.jpg,
14,טריפטיך שעה,07:00,2,לא,1,014.jpg,
15,טריפטיך שעה,07:00,1,לא,1,015.jpg,
16,קרוסלת רבדים,tw18 · 05:00,,כן,4,016.jpg 016a.jpg 016b.jpg 016c.jpg,
17,קיר,tw18 · 05:00,,לא,1,017.jpg,
18,קרוסלת דמויות ועצמים,tw18 · 05:00,,כן,5,018.jpg 018a.jpg 018b.jpg 018c.jpg 018d.jpg,
19,פיצול-9,tw18 · 05:00,9,לא,1,019.jpg,
20,פיצול-9,tw18 · 05:00,8,לא,1,020.jpg,
21,פיצול-9,tw18 · 05:00,7,לא,1,021.jpg,
22,פיצול-9,tw18 · 05:00,6,לא,1,022.jpg,
23,פיצול-9,tw18 · 05:00,5,לא,1,023.jpg,
24,פיצול-9,tw18 · 05:00,4,לא,1,024.jpg,
25,פיצול-9,tw18 · 05:00,3,לא,1,025.jpg,
26,פיצול-9,tw18 · 05:00,2,לא,1,026.jpg,
27,פיצול-9,tw18 · 05:00,1,לא,1,027.jpg,
28,טריפטיך שעה,05:00,3,לא,1,028.jpg,
29,טריפטיך שעה,05:00,2,לא,1,029.jpg,
30,טריפטיך שעה,05:00,1,לא,1,030.jpg,
31,קרוסלת רבדים,tw17 · 05:00,,כן,4,031.jpg 031a.jpg 031b.jpg 031c.jpg,
32,קיר,tw17 · 05:00,,לא,1,032.jpg,
33,קרוסלת דמויות ועצמים,tw17 · 05:00,,כן,5,033.jpg 033a.jpg 033b.jpg 033c.jpg 033d.jpg,
34,פיצול-9,tw17 · 05:00,9,לא,1,034.jpg,
35,פיצול-9,tw17 · 05:00,8,לא,1,035.jpg,
36,פיצול-9,tw17 · 05:00,7,לא,1,036.jpg,
37,פיצול-9,tw17 · 05:00,6,לא,1,037.jpg,
38,פיצול-9,tw17 · 05:00,5,לא,1,038.jpg,
39,פיצול-9,tw17 · 05:00,4,לא,1,039.jpg,
40,פיצול-9,tw17 · 05:00,3,לא,1,040.jpg,
41,פיצול-9,tw17 · 05:00,2,לא,1,041.jpg,
42,פיצול-9,tw17 · 05:00,1,לא,1,042.jpg,
43,טריפטיך שעה,05:00,3,לא,1,043.jpg,
44,טריפטיך שעה,05:00,2,לא,1,044.jpg,
45,טריפטיך שעה,05:00,1,לא,1,045.jpg,
46,קרוסלת רבדים,tw16 · 03:00,,כן,4,046.jpg 046a.jpg 046b.jpg 046c.jpg,
47,קיר,tw16 · 03:00,,לא,1,047.jpg,
48,קרוסלת דמויות ועצמים,tw16 · 03:00,,כן,5,048.jpg 048a.jpg 048b.jpg 048c.jpg 048d.jpg,
49,פיצול-9,tw16 · 03:00,9,לא,1,049.jpg,
50,פיצול-9,tw16 · 03:00,8,לא,1,050.jpg,
51,פיצול-9,tw16 · 03:00,7,לא,1,051.jpg,
52,פיצול-9,tw16 · 03:00,6,לא,1,052.jpg,
53,פיצול-9,tw16 · 03:00,5,לא,1,053.jpg,
54,פיצול-9,tw16 · 03:00,4,לא,1,054.jpg,
55,פיצול-9,tw16 · 03:00,3,לא,1,055.jpg,
56,פיצול-9,tw16 · 03:00,2,לא,1,056.jpg,
57,פיצול-9,tw16 · 03:00,1,לא,1,057.jpg,
58,טריפטיך שעה,03:00,3,לא,1,058.jpg,
59,טריפטיך שעה,03:00,2,לא,1,059.jpg,
60,טריפטיך שעה,03:00,1,לא,1,060.jpg,
61,קרוסלת רבדים,tw15 · 03:00,,כן,4,061.jpg 061a.jpg 061b.jpg 061c.jpg,
62,קיר,tw15 · 03:00,,לא,1,062.jpg,
63,קרוסלת דמויות ועצמים,tw15 · 03:00,,כן,5,063.jpg 063a.jpg 063b.jpg 063c.jpg 063d.jpg,
64,פיצול-9,tw15 · 03:00,9,לא,1,064.jpg,
65,פיצול-9,tw15 · 03:00,8,לא,1,065.jpg,
66,פיצול-9,tw15 · 03:00,7,לא,1,066.jpg,
67,פיצול-9,tw15 · 03:00,6,לא,1,067.jpg,
68,פיצול-9,tw15 · 03:00,5,לא,1,068.jpg,
69,פיצול-9,tw15 · 03:00,4,לא,1,069.jpg,
70,פיצול-9,tw15 · 03:00,3,לא,1,070.jpg,
71,פיצול-9,tw15 · 03:00,2,לא,1,071.jpg,
72,פיצול-9,tw15 · 03:00,1,לא,1,072.jpg,
73,טריפטיך שעה,03:00,3,לא,1,073.jpg,
74,טריפטיך שעה,03:00,2,לא,1,074.jpg,
75,טריפטיך שעה,03:00,1,לא,1,075.jpg,
76,קרוסלת רבדים,tw14 · 02:00,,כן,3,076.jpg 076a.jpg 076b.jpg,
77,קיר,tw14 · 02:00,,לא,1,077.jpg,
78,קרוסלת דמויות ועצמים,tw14 · 02:00,,כן,6,078.jpg 078a.jpg 078b.jpg 078c.jpg 078d.jpg 078e.jpg,
79,פיצול-9,tw14 · 02:00,9,לא,1,079.jpg,
80,פיצול-9,tw14 · 02:00,8,לא,1,080.jpg,
81,פיצול-9,tw14 · 02:00,7,לא,1,081.jpg,
82,פיצול-9,tw14 · 02:00,6,לא,1,082.jpg,
83,פיצול-9,tw14 · 02:00,5,לא,1,083.jpg,
84,פיצול-9,tw14 · 02:00,4,לא,1,084.jpg,
85,פיצול-9,tw14 · 02:00,3,לא,1,085.jpg,
86,פיצול-9,tw14 · 02:00,2,לא,1,086.jpg,
87,פיצול-9,tw14 · 02:00,1,לא,1,087.jpg,
88,טריפטיך שעה,02:00,3,לא,1,088.jpg,
89,טריפטיך שעה,02:00,2,לא,1,089.jpg,
90,טריפטיך שעה,02:00,1,לא,1,090.jpg,
91,קרוסלת רבדים,tw13 · 02:00,,כן,3,091.jpg 091a.jpg 091b.jpg,
92,קיר,tw13 · 02:00,,לא,1,092.jpg,
93,קרוסלת דמויות ועצמים,tw13 · 02:00,,כן,7,093.jpg 093a.jpg 093b.jpg 093c.jpg 093d.jpg 093e.jpg 093f.jpg,
94,פיצול-9,tw13 · 02:00,9,לא,1,094.jpg,
95,פיצול-9,tw13 · 02:00,8,לא,1,095.jpg,
96,פיצול-9,tw13 · 02:00,7,לא,1,096.jpg,
97,פיצול-9,tw13 · 02:00,6,לא,1,097.jpg,
98,פיצול-9,tw13 · 02:00,5,לא,1,098.jpg,
99,פיצול-9,tw13 · 02:00,4,לא,1,099.jpg,
100,פיצול-9,tw13 · 02:00,3,לא,1,100.jpg,
101,פיצול-9,tw13 · 02:00,2,לא,1,101.jpg,
102,פיצול-9,tw13 · 02:00,1,לא,1,102.jpg,
103,טריפטיך שעה,02:00,3,לא,1,103.jpg,
104,טריפטיך שעה,02:00,2,לא,1,104.jpg,
105,טריפטיך שעה,02:00,1,לא,1,105.jpg,
106,קרוסלת רבדים,tw12 · 01:00,,כן,3,106.jpg 106a.jpg 106b.jpg,
107,קיר,tw12 · 01:00,,לא,1,107.jpg,
108,קרוסלת דמויות ועצמים,tw12 · 01:00,,כן,7,108.jpg 108a.jpg 108b.jpg 108c.jpg 108d.jpg 108e.jpg 108f.jpg,
109,פיצול-9,tw12 · 01:00,9,לא,1,109.jpg,
110,פיצול-9,tw12 · 01:00,8,לא,1,110.jpg,
111,פיצול-9,tw12 · 01:00,7,לא,1,111.jpg,
112,פיצול-9,tw12 · 01:00,6,לא,1,112.jpg,
113,פיצול-9,tw12 · 01:00,5,לא,1,113.jpg,
114,פיצול-9,tw12 · 01:00,4,לא,1,114.jpg,
115,פיצול-9,tw12 · 01:00,3,לא,1,115.jpg,
116,פיצול-9,tw12 · 01:00,2,לא,1,116.jpg,
117,פיצול-9,tw12 · 01:00,1,לא,1,117.jpg,
118,טריפטיך שעה,01:00,3,לא,1,118.jpg,
119,טריפטיך שעה,01:00,2,לא,1,119.jpg,
120,טריפטיך שעה,01:00,1,לא,1,120.jpg,
121,קרוסלת רבדים,tw11 · 01:00,,כן,3,121.jpg 121a.jpg 121b.jpg,
122,קיר,tw11 · 01:00,,לא,1,122.jpg,
123,קרוסלת דמויות ועצמים,tw11 · 01:00,,כן,7,123.jpg 123a.jpg 123b.jpg 123c.jpg 123d.jpg 123e.jpg 123f.jpg,
124,פיצול-9,tw11 · 01:00,9,לא,1,124.jpg,
125,פיצול-9,tw11 · 01:00,8,לא,1,125.jpg,
126,פיצול-9,tw11 · 01:00,7,לא,1,126.jpg,
127,פיצול-9,tw11 · 01:00,6,לא,1,127.jpg,
128,פיצול-9,tw11 · 01:00,5,לא,1,128.jpg,
129,פיצול-9,tw11 · 01:00,4,לא,1,129.jpg,
130,פיצול-9,tw11 · 01:00,3,לא,1,130.jpg,
131,פיצול-9,tw11 · 01:00,2,לא,1,131.jpg,
132,פיצול-9,tw11 · 01:00,1,לא,1,132.jpg,
133,טריפטיך שעה,01:00,3,לא,1,133.jpg,
134,טריפטיך שעה,01:00,2,לא,1,134.jpg,
135,טריפטיך שעה,01:00,1,לא,1,135.jpg,
136,קרוסלת רבדים,tw10 · 00:00,,כן,4,136.jpg 136a.jpg 136b.jpg 136c.jpg,
137,קיר,tw10 · 00:00,,לא,1,137.jpg,
138,קרוסלת דמויות ועצמים,tw10 · 00:00,,כן,5,138.jpg 138a.jpg 138b.jpg 138c.jpg 138d.jpg,
139,פיצול-9,tw10 · 00:00,9,לא,1,139.jpg,
140,פיצול-9,tw10 · 00:00,8,לא,1,140.jpg,
141,פיצול-9,tw10 · 00:00,7,לא,1,141.jpg,
142,פיצול-9,tw10 · 00:00,6,לא,1,142.jpg,
143,פיצול-9,tw10 · 00:00,5,לא,1,143.jpg,
144,פיצול-9,tw10 · 00:00,4,לא,1,144.jpg,
145,פיצול-9,tw10 · 00:00,3,לא,1,145.jpg,
146,פיצול-9,tw10 · 00:00,2,לא,1,146.jpg,
147,פיצול-9,tw10 · 00:00,1,לא,1,147.jpg,
148,טריפטיך שעה,00:00,3,לא,1,148.jpg,
149,טריפטיך שעה,00:00,2,לא,1,149.jpg,
150,טריפטיך שעה,00:00,1,לא,1,150.jpg,
151,קרוסלת רבדים,tw09 · 00:00,,כן,4,151.jpg 151a.jpg 151b.jpg 151c.jpg,
152,קיר,tw09 · 00:00,,לא,1,152.jpg,
153,קרוסלת דמויות ועצמים,tw09 · 00:00,,כן,4,153.jpg 153a.jpg 153b.jpg 153c.jpg,
154,פיצול-9,tw09 · 00:00,9,לא,1,154.jpg,
155,פיצול-9,tw09 · 00:00,8,לא,1,155.jpg,
156,פיצול-9,tw09 · 00:00,7,לא,1,156.jpg,
157,פיצול-9,tw09 · 00:00,6,לא,1,157.jpg,
158,פיצול-9,tw09 · 00:00,5,לא,1,158.jpg,
159,פיצול-9,tw09 · 00:00,4,לא,1,159.jpg,
160,פיצול-9,tw09 · 00:00,3,לא,1,160.jpg,
161,פיצול-9,tw09 · 00:00,2,לא,1,161.jpg,
162,פיצול-9,tw09 · 00:00,1,לא,1,162.jpg,
163,טריפטיך שעה,00:00,3,לא,1,163.jpg,
164,טריפטיך שעה,00:00,2,לא,1,164.jpg,
165,טריפטיך שעה,00:00,1,לא,1,165.jpg,
166,קרוסלת רבדים,tw08 · 23:00,,כן,4,166.jpg 166a.jpg 166b.jpg 166c.jpg,
167,קיר,tw08 · 23:00,,לא,1,167.jpg,
168,קרוסלת דמויות ועצמים,tw08 · 23:00,,כן,3,168.jpg 168a.jpg 168b.jpg,
169,פיצול-9,tw08 · 23:00,9,לא,1,169.jpg,
170,פיצול-9,tw08 · 23:00,8,לא,1,170.jpg,
171,פיצול-9,tw08 · 23:00,7,לא,1,171.jpg,
172,פיצול-9,tw08 · 23:00,6,לא,1,172.jpg,
173,פיצול-9,tw08 · 23:00,5,לא,1,173.jpg,
174,פיצול-9,tw08 · 23:00,4,לא,1,174.jpg,
175,פיצול-9,tw08 · 23:00,3,לא,1,175.jpg,
176,פיצול-9,tw08 · 23:00,2,לא,1,176.jpg,
177,פיצול-9,tw08 · 23:00,1,לא,1,177.jpg,
178,טריפטיך שעה,23:00,3,לא,1,178.jpg,
179,טריפטיך שעה,23:00,2,לא,1,179.jpg,
180,טריפטיך שעה,23:00,1,לא,1,180.jpg,
181,קרוסלת רבדים,tw07 · 23:00,,כן,4,181.jpg 181a.jpg 181b.jpg 181c.jpg,
182,קיר,tw07 · 23:00,,לא,1,182.jpg,
183,קרוסלת דמויות ועצמים,tw07 · 23:00,,כן,3,183.jpg 183a.jpg 183b.jpg,
184,פיצול-9,tw07 · 23:00,9,לא,1,184.jpg,
185,פיצול-9,tw07 · 23:00,8,לא,1,185.jpg,
186,פיצול-9,tw07 · 23:00,7,לא,1,186.jpg,
187,פיצול-9,tw07 · 23:00,6,לא,1,187.jpg,
188,פיצול-9,tw07 · 23:00,5,לא,1,188.jpg,
189,פיצול-9,tw07 · 23:00,4,לא,1,189.jpg,
190,פיצול-9,tw07 · 23:00,3,לא,1,190.jpg,
191,פיצול-9,tw07 · 23:00,2,לא,1,191.jpg,
192,פיצול-9,tw07 · 23:00,1,לא,1,192.jpg,
193,טריפטיך שעה,23:00,3,לא,1,193.jpg,
194,טריפטיך שעה,23:00,2,לא,1,194.jpg,
195,טריפטיך שעה,23:00,1,לא,1,195.jpg,
196,קרוסלת רבדים,tw06 · 22:00,,כן,5,196.jpg 196a.jpg 196b.jpg 196c.jpg 196d.jpg,
197,קיר,tw06 · 22:00,,לא,1,197.jpg,
198,קרוסלת דמויות ועצמים,tw06 · 22:00,,כן,7,198.jpg 198a.jpg 198b.jpg 198c.jpg 198d.jpg 198e.jpg 198f.jpg,
199,פיצול-9,tw06 · 22:00,9,לא,1,199.jpg,
200,פיצול-9,tw06 · 22:00,8,לא,1,200.jpg,
201,פיצול-9,tw06 · 22:00,7,לא,1,201.jpg,
202,פיצול-9,tw06 · 22:00,6,לא,1,202.jpg,
203,פיצול-9,tw06 · 22:00,5,לא,1,203.jpg,
204,פיצול-9,tw06 · 22:00,4,לא,1,204.jpg,
205,פיצול-9,tw06 · 22:00,3,לא,1,205.jpg,
206,פיצול-9,tw06 · 22:00,2,לא,1,206.jpg,
207,פיצול-9,tw06 · 22:00,1,לא,1,207.jpg,
208,טריפטיך שעה,22:00,3,לא,1,208.jpg,
209,טריפטיך שעה,22:00,2,לא,1,209.jpg,
210,טריפטיך שעה,22:00,1,לא,1,210.jpg,
211,קרוסלת רבדים,tw05 · 22:00,,כן,5,211.jpg 211a.jpg 211b.jpg 211c.jpg 211d.jpg,
212,קיר,tw05 · 22:00,,לא,1,212.jpg,
213,קרוסלת דמויות ועצמים,tw05 · 22:00,,כן,7,213.jpg 213a.jpg 213b.jpg 213c.jpg 213d.jpg 213e.jpg 213f.jpg,
214,פיצול-9,tw05 · 22:00,9,לא,1,214.jpg,
215,פיצול-9,tw05 · 22:00,8,לא,1,215.jpg,
216,פיצול-9,tw05 · 22:00,7,לא,1,216.jpg,
217,פיצול-9,tw05 · 22:00,6,לא,1,217.jpg,
218,פיצול-9,tw05 · 22:00,5,לא,1,218.jpg,
219,פיצול-9,tw05 · 22:00,4,לא,1,219.jpg,
220,פיצול-9,tw05 · 22:00,3,לא,1,220.jpg,
221,פיצול-9,tw05 · 22:00,2,לא,1,221.jpg,
222,פיצול-9,tw05 · 22:00,1,לא,1,222.jpg,
223,טריפטיך שעה,22:00,3,לא,1,223.jpg,
224,טריפטיך שעה,22:00,2,לא,1,224.jpg,
225,טריפטיך שעה,22:00,1,לא,1,225.jpg,
226,קרוסלת רבדים,tw04 · 21:00,,כן,4,226.jpg 226a.jpg 226b.jpg 226c.jpg,
227,קיר,tw04 · 21:00,,לא,1,227.jpg,
228,קרוסלת דמויות ועצמים,tw04 · 21:00,,כן,6,228.jpg 228a.jpg 228b.jpg 228c.jpg 228d.jpg 228e.jpg,
229,פיצול-9,tw04 · 21:00,9,לא,1,229.jpg,
230,פיצול-9,tw04 · 21:00,8,לא,1,230.jpg,
231,פיצול-9,tw04 · 21:00,7,לא,1,231.jpg,
232,פיצול-9,tw04 · 21:00,6,לא,1,232.jpg,
233,פיצול-9,tw04 · 21:00,5,לא,1,233.jpg,
234,פיצול-9,tw04 · 21:00,4,לא,1,234.jpg,
235,פיצול-9,tw04 · 21:00,3,לא,1,235.jpg,
236,פיצול-9,tw04 · 21:00,2,לא,1,236.jpg,
237,פיצול-9,tw04 · 21:00,1,לא,1,237.jpg,
238,טריפטיך שעה,21:00,3,לא,1,238.jpg,
239,טריפטיך שעה,21:00,2,לא,1,239.jpg,
240,טריפטיך שעה,21:00,1,לא,1,240.jpg,
241,קרוסלת רבדים,tw03 · 21:00,,כן,4,241.jpg 241a.jpg 241b.jpg 241c.jpg,
242,קיר,tw03 · 21:00,,לא,1,242.jpg,
243,קרוסלת דמויות ועצמים,tw03 · 21:00,,כן,6,243.jpg 243a.jpg 243b.jpg 243c.jpg 243d.jpg 243e.jpg,
244,פיצול-9,tw03 · 21:00,9,לא,1,244.jpg,
245,פיצול-9,tw03 · 21:00,8,לא,1,245.jpg,
246,פיצול-9,tw03 · 21:00,7,לא,1,246.jpg,
247,פיצול-9,tw03 · 21:00,6,לא,1,247.jpg,
248,פיצול-9,tw03 · 21:00,5,לא,1,248.jpg,
249,פיצול-9,tw03 · 21:00,4,לא,1,249.jpg,
250,פיצול-9,tw03 · 21:00,3,לא,1,250.jpg,
251,פיצול-9,tw03 · 21:00,2,לא,1,251.jpg,
252,פיצול-9,tw03 · 21:00,1,לא,1,252.jpg,
253,טריפטיך שעה,21:00,3,לא,1,253.jpg,
254,טריפטיך שעה,21:00,2,לא,1,254.jpg,
255,טריפטיך שעה,21:00,1,לא,1,255.jpg,
256,קרוסלת רבדים,tw02 · 20:00,,כן,3,256.jpg 256a.jpg 256b.jpg,
257,קיר,tw02 · 20:00,,לא,1,257.jpg,
258,קרוסלת דמויות ועצמים,tw02 · 20:00,,כן,5,258.jpg 258a.jpg 258b.jpg 258c.jpg 258d.jpg,
259,פיצול-9,tw02 · 20:00,9,לא,1,259.jpg,
260,פיצול-9,tw02 · 20:00,8,לא,1,260.jpg,
261,פיצול-9,tw02 · 20:00,7,לא,1,261.jpg,
262,פיצול-9,tw02 · 20:00,6,לא,1,262.jpg,
263,פיצול-9,tw02 · 20:00,5,לא,1,263.jpg,
264,פיצול-9,tw02 · 20:00,4,לא,1,264.jpg,
265,פיצול-9,tw02 · 20:00,3,לא,1,265.jpg,
266,פיצול-9,tw02 · 20:00,2,לא,1,266.jpg,
267,פיצול-9,tw02 · 20:00,1,לא,1,267.jpg,
268,טריפטיך שעה,20:00,3,לא,1,268.jpg,
269,טריפטיך שעה,20:00,2,לא,1,269.jpg,
270,טריפטיך שעה,20:00,1,לא,1,270.jpg,
271,קרוסלת רבדים,tw01 · 19:00,,כן,3,271.jpg 271a.jpg 271b.jpg,
272,קיר,tw01 · 19:00,,לא,1,272.jpg,
273,קרוסלת דמויות ועצמים,tw01 · 19:00,,כן,4,273.jpg 273a.jpg 273b.jpg 273c.jpg,
274,פיצול-9,tw01 · 19:00,9,לא,1,274.jpg,
275,פיצול-9,tw01 · 19:00,8,לא,1,275.jpg,
276,פיצול-9,tw01 · 19:00,7,לא,1,276.jpg,
277,פיצול-9,tw01 · 19:00,6,לא,1,277.jpg,
278,פיצול-9,tw01 · 19:00,5,לא,1,278.jpg,
279,פיצול-9,tw01 · 19:00,4,לא,1,279.jpg,
280,פיצול-9,tw01 · 19:00,3,לא,1,280.jpg,
281,פיצול-9,tw01 · 19:00,2,לא,1,281.jpg,
282,פיצול-9,tw01 · 19:00,1,לא,1,282.jpg,
283,טריפטיך שעה,19:00,3,לא,1,283.jpg,
284,טריפטיך שעה,19:00,2,לא,1,284.jpg,
285,טריפטיך שעה,19:00,1,לא,1,285.jpg,
286,קרוסלת רבדים,tw00 · 19:00,,כן,3,286.jpg 286a.jpg 286b.jpg,
287,קיר,tw00 · 19:00,,לא,1,287.jpg,
288,קרוסלת דמויות ועצמים,tw00 · 19:00,,כן,4,288.jpg 288a.jpg 288b.jpg 288c.jpg,
289,פיצול-9,tw00 · 19:00,9,לא,1,289.jpg,
290,פיצול-9,tw00 · 19:00,8,לא,1,290.jpg,
291,פיצול-9,tw00 · 19:00,7,לא,1,291.jpg,
292,פיצול-9,tw00 · 19:00,6,לא,1,292.jpg,
293,פיצול-9,tw00 · 19:00,5,לא,1,293.jpg,
294,פיצול-9,tw00 · 19:00,4,לא,1,294.jpg,
295,פיצול-9,tw00 · 19:00,3,לא,1,295.jpg,
296,פיצול-9,tw00 · 19:00,2,לא,1,296.jpg,
297,פיצול-9,tw00 · 19:00,1,לא,1,297.jpg,
298,טריפטיך שעה,19:00,3,לא,1,298.jpg,
299,טריפטיך שעה,19:00,2,לא,1,299.jpg,
300,טריפטיך שעה,19:00,1,לא,1,300.jpg,
301,קרוסלת פתיח,דף קיר,,כן,5,301.jpg 301a.jpg 301b.jpg 301c.jpg 301d.jpg,
302,קרוסלת פתיח,תהליך,,כן,3,302.jpg 302a.jpg 302b.jpg,
303,קרוסלת פתיח,רקע,,כן,6,303.jpg 303a.jpg 303b.jpg 303c.jpg 303d.jpg 303e.jpg,
304,פיצול-9 פותח,tw00,9,לא,1,304.jpg,
305,פיצול-9 פותח,tw00,8,לא,1,305.jpg,
306,פיצול-9 פותח,tw00,7,לא,1,306.jpg,
307,פיצול-9 פותח,tw00,6,לא,1,307.jpg,
308,פיצול-9 פותח,tw00,5,לא,1,308.jpg,
309,פיצול-9 פותח,tw00,4,לא,1,309.jpg,
310,פיצול-9 פותח,tw00,3,לא,1,310.jpg,
311,פיצול-9 פותח,tw00,2,לא,1,311.jpg,
312,פיצול-9 פותח,tw00,1,לא,1,312.jpg,
313,טריפטיך מאסטר,12,3,לא,1,313.jpg,
314,טריפטיך מאסטר,12,2,לא,1,314.jpg,
315,טריפטיך מאסטר,12,1,לא,1,315.jpg,
